StateFIPS,n_school_districts,n_counties,n_tracts,n_blocks,n_ISPs,zoom_5_5_coverage_pct,fcc_25_3_coverage_pct,other_100_20_coverage_pct,max_MaxAdDown,median_MaxAdDown,mean_MaxAdDown,min_MaxAdDown,std_MaxAdDown,max_MaxAdUp,median_MaxAdUp,mean_MaxAdUp,min_MaxAdUp,std_MaxAdUp,n_LEADIDs
01,140,67,1434,975,84,0.9040694055291094,0.7077822432298975,0.4063810113992595,2000.0,25.0,387.34820482017034,0.0,493.4014038978934,2000.0,4.0,111.48743012795316,0.0,295.00523308809477,140
02,53,30,176,1343,31,0.7694302896754349,0.5550658770600927,0.3337235458844053,2000.0,25.0,417.76340375522193,0.0,767.6057913823105,1000.0,4.0,33.480798053527984,0.0,106.51449143084987,53
04,216,15,1754,2195,100,0.9138579289043336,0.6353156374394995,0.2625389169387608,5000.0,25.0,223.5714725529019,0.0,387.7876098198183,5000.0,5.0,39.02430084530695,0.0,167.64348399000514,216
05,233,75,823,1352,96,0.9301019254161702,0.7100619958716912,0.34991068391366525,10000.0,30.0,305.3408745816926,0.0,538.758186642091,10000.0,5.0,148.93451202071634,0.0,455.63345563545033,235
06,966,58,9115,2913,212,0.8561536920096803,0.6651635212693259,0.3793311170827703,10000.0,25.0,243.89283606644642,0.0,556.3284913030607,10000.0,4.0,91.7202124813614,0.0,444.71909466568735,978
08,178,64,1447,2027,133,0.9332842794332462,0.82209141182199,0.34581912159688566,10000.0,50.0,245.05342018048452,0.0,592.7620540591505,10000.0,10.0,93.4082343858174,0.0,500.9497043185758,178
09,166,8,879,372,34,0.8654375799533449,0.5055685153134171,0.30299119572578825,3000.0,25.0,278.4790024381067,0.0,453.71805930362956,3000.0,2.0,63.184729234705394,0.0,229.19007259770368,166
10,16,3,261,488,31,0.8702747845452542,0.5729762332826835,0.33802326795262894,1200.0,25.0,382.5301992970898,0.0,516.8361592073878,880.0,3.0,98.79541442705856,0.0,259.71227964805234,16
11,1,1,206,261,38,0.7748879190047802,0.6640836079688845,0.5435111784091922,10000.0,200.0,418.57069374424754,0.0,498.7420408158067,10000.0,20.0,131.1946528903536,0.0,307.0824741856614,1
12,67,67,5115,1692,116,0.8740214279420225,0.6610214296698037,0.41197818849055856,10000.0,25.0,402.4456148361113,0.0,631.0513426466827,10000.0,4.0,116.7836869243249,0.0,487.66651235081036,67
13,184,159,2791,1083,119,0.875973351515306,0.6872323681594577,0.4395311345041164,10000.0,25.0,458.15772300104504,0.0,959.4335802811372,10000.0,5.0,194.6919827441185,0.0,896.6890879844941,184
15,1,5,434,544,20,0.9264615957248824,0.578603142530508,0.42921330391088186,1000.0,25.0,433.90521894026,0.0,487.67245250505545,1000.0,3.0,80.7241506925797,0.0,169.440058011356,1
16,115,44,456,2418,73,0.9315790769769586,0.6810161078930591,0.24818249227713127,10000.0,25.0,193.15387359394538,0.0,391.1246200932968,10000.0,4.0,51.71908279955017,0.0,247.9403049452348,115
17,861,102,3263,1664,165,0.8544705863342029,0.5536779431819414,0.26377706090594627,10000.0,25.0,201.76597077789322,0.0,398.2564508972056,10000.0,3.0,45.010255236781454,0.0,195.57140315180047,862
18,290,92,1694,1110,132,0.9336793573097101,0.6063473192433559,0.2777176912655892,10000.0,25.0,232.44696574139633,0.0,413.63405795704205,10000.0,3.0,77.73071677277821,0.0,242.9705693579821,290
19,327,99,896,2171,228,0.6890959419661489,0.598882837551327,0.32658542832016146,10000.0,25.0,192.25583543507935,0.0,451.9137792327016,10000.0,3.0,113.33732244977413,0.0,397.5624120893988,327
20,286,105,829,3258,116,0.7940461023494314,0.6876735959990821,0.30813609662554436,2000.0,40.0,204.10500519264704,0.0,378.8449244399067,2000.0,8.0,110.03439963071696,0.0,295.7799095408647,286
21,179,120,1303,852,105,0.9027296632795178,0.724248198744023,0.4543413662897395,10000.0,25.0,386.20954712427533,0.0,468.12956612371386,10000.0,10.0,139.75170957167063,0.0,317.0741656457911,179
22,69,64,1377,1258,75,0.9203905689872004,0.694896627919277,0.446107238984027,10000.0,36.0,425.601167181862,0.0,916.5721196046427,10000.0,10.0,150.84337659994594,0.0,852.9701279187581,69
23,267,16,404,2756,38,0.6019176758372845,0.5150092108839429,0.17337903542415364,2000.0,25.0,156.01991572494185,0.0,344.1578506173527,2000.0,2.0,26.757952465798933,0.0,134.84511810757925,267
24,24,24,1470,780,79,0.8193294025435912,0.6496004222251106,0.4254154309098715,10000.0,25.0,439.42661617295477,0.0,573.8975493685473,10000.0,4.0,135.77745894530375,0.0,345.93278912703096,24
25,303,14,1616,663,63,0.8797408518017992,0.6836048743989652,0.519288212469042,3000.0,200.0,518.9776891729646,0.0,528.584520892719,3000.0,20.0,135.15685713788565,0.0,295.8480155600321,303
26,541,83,2987,1417,131,0.904440199143221,0.5830033576473312,0.314204006020609,3000.0,25.0,270.83368078267915,0.0,438.7000306284837,3000.0,4.0,60.9129085261086,0.0,213.6578752165815,541
27,331,87,1503,2019,137,0.9521993528133504,0.7831310306148063,0.46279832080166283,10000.0,60.0,650.5617557558336,0.0,1854.6031477388808,10000.0,10.0,555.5018548535323,0.0,1862.0987215355017,331
28,138,82,877,1226,70,0.9023296302915352,0.645317967727616,0.3095537325393028,10000.0,25.0,311.4546445829322,0.0,474.93010520688927,10000.0,5.0,151.9594140354316,0.0,361.416635623859,138
29,515,115,1654,2597,150,0.7517287126495418,0.5172148051834939,0.23248074542276084,10000.0,25.0,175.07977045060065,0.0,365.0245691775279,10000.0,3.0,82.20356395498037,0.0,256.92691666509256,516
30,398,56,319,3216,67,0.8649473031618103,0.624703037817731,0.2715685058896466,1000.0,25.0,210.45989132796032,0.0,361.6029787143378,1000.0,4.0,109.3224071766894,0.0,270.2587210701683,400
31,244,93,553,2475,91,0.766723978321475,0.6551666501145642,0.27108264937681337,5000.0,25.0,137.14647408472786,0.0,283.15437117694916,5000.0,3.0,66.42491036770497,0.0,195.97498229242322,244
32,17,17,776,2484,70,0.8013821287537882,0.5643998530627239,0.31809624391587843,1000.0,25.0,252.94348962255486,0.0,409.1738235192188,1000.0,3.0,59.12031681054275,0.0,206.51949627452743,17
33,179,10,349,829,35,0.6252521442511111,0.5313642848943044,0.27813219191935756,3000.0,25.0,327.2980304267729,0.0,538.2597511971287,3000.0,2.0,132.8573812202415,0.0,397.331260857979,179
34,542,21,2178,1037,65,0.483969297482811,0.3921005948032975,0.2822370633181444,10000.0,3.0,312.1581019165884,0.0,614.8997971872715,10000.0,0.75,109.2667701485269,0.0,476.61346972237914,558
35,89,33,612,4661,71,0.9522062255412344,0.4711413492262952,0.2557175169640613,5000.0,20.0,174.3957190751445,0.0,369.8186420166483,10000.0,5.0,88.9303528524755,0.0,357.7700210735486,89
36,681,62,5389,1297,116,0.8774177949709865,0.6363683260521577,0.45868280197425465,2000.0,25.0,404.40523646243247,0.0,470.5580406813217,2000.0,4.0,118.14676347608051,0.0,288.00233065145295,681
37,118,100,2669,990,105,0.7553326969364601,0.5781949313790347,0.3443417063337291,10000.0,25.0,350.3854723091941,0.0,683.587730125353,10000.0,3.0,132.28596391715922,0.0,591.442723234495,118
38,174,53,228,2959,47,0.9707933949149864,0.9355434317539054,0.818005088209238,5000.0,1000.0,891.1731379266879,0.0,805.7420774164523,5000.0,1000.0,762.4180866699925,0.0,682.7157179668486,174
39,582,88,3162,937,162,0.7583509478494344,0.53208342756737,0.28571035066659706,10000.0,25.0,208.23661202397315,0.0,386.96637377631885,10000.0,3.0,42.310230711742435,0.0,230.42509951127903,611
40,509,77,1205,3051,118,0.7458604932551834,0.48282220960867983,0.24024176857703886,10000.0,18.0,168.01128733813786,0.0,358.89912807517743,10000.0,3.0,76.39123214572872,0.0,263.5587918603706,510
41,197,36,998,3769,103,0.7771397647326896,0.6426090176308069,0.29312825771169787,10000.0,25.0,236.66293557549346,0.0,462.73557144933875,10000.0,5.0,90.94652142299695,0.0,342.79152076318746,197
42,500,67,3445,1279,123,0.7755850543344355,0.6125903520689949,0.4309428997607298,10000.0,25.0,413.04621964518554,0.0,770.7278242645615,10000.0,3.0,115.87586806427365,0.0,650.8171259962811,500
44,36,5,247,502,22,0.9007592120749641,0.7596647567805269,0.6055848002379813,1200.0,940.0,575.5856075119314,0.0,468.76329440341675,940.0,35.0,223.96567109432596,0.0,367.67948545274413,36
45,83,46,1321,778,64,0.8965163605377364,0.6922553198777911,0.41151949711926933,10000.0,25.0,366.04406295429584,0.0,476.9908002767172,10000.0,4.0,105.61166355720462,0.0,292.47875435537355,83
46,149,66,242,2566,73,0.9746950739997545,0.855132280070448,0.49002649576638097,5000.0,60.0,369.5249152844104,0.0,448.56366433542655,5000.0,10.0,249.23564567918515,0.0,397.9240505040482,149
47,157,95,1701,889,121,0.8436167980741625,0.6541291216678814,0.37808089842973563,10000.0,25.0,458.816033194196,0.0,1025.9476484883057,10000.0,4.0,221.2281511986793,0.0,975.2653757874939,157
48,1009,254,6888,3962,280,0.9018620556820833,0.7095452749583536,0.35400041294531037,10000.0,25.0,242.8330133577096,0.0,434.4990058403041,10000.0,5.0,90.56487909671259,0.0,281.4902748272483,1020
49,41,29,716,2282,70,0.9415649280264272,0.7983495113205428,0.38131875138527493,10000.0,50.0,774.2649048904381,0.0,2130.6878928403685,10000.0,10.0,577.6778584696849,0.0,2137.620004680225,41
50,52,14,193,827,36,0.7910189830448698,0.5707962651101687,0.22741740656162657,3000.0,25.0,264.1585180704833,0.0,487.41587963121816,3000.0,2.0,109.15809393653508,0.0,349.49056263730887,52
51,137,133,2192,893,115,0.7771944490887811,0.6240093629827788,0.4237690185587694,10000.0,25.0,378.94919674803543,0.0,609.6203427239315,10000.0,3.0,127.9410102324026,0.0,476.39552972714773,137
53,295,39,1780,1851,113,0.8263262734966093,0.5959023830943525,0.26303322813463237,10000.0,25.0,264.4008985453915,0.0,492.5202308393575,10000.0,4.0,98.14847887907702,0.0,332.60821214251564,295
54,55,55,546,873,61,0.7623891514666631,0.35684991831328705,0.19123094817095718,3000.0,18.0,184.08364610492205,0.0,403.7074583067947,3000.0,1.0,20.71465314409805,0.0,108.27742234902682,55
55,421,72,1528,1575,117,0.7143123489080322,0.47284389799767673,0.24284310102905554,10000.0,18.0,188.57752160823438,0.0,490.0487164279766,10000.0,2.0,69.84764991631829,0.0,404.46946246809586,421
56,48,23,160,2950,43,0.902140998745149,0.7545385394309081,0.3298756292423897,10000.0,50.0,214.39822051463426,0.0,641.6588034226169,10000.0,10.0,103.75353576325467,0.0,597.8486253843221,48
60,1,3,16,127,2,0.9473684210526315,0.9473684210526315,0.9473684210526315,100.0,100.0,94.76120882852292,0.0,22.245401383807952,100.0,100.0,94.74770797962648,0.0,22.30255548876732,1
66,1,1,57,249,3,0.9594307561597282,0.9594307561597282,0.3982582837723025,1000.0,50.0,67.05607476635514,0.0,70.73943605302487,1000.0,5.0,32.754672897196265,0.0,72.14436469889193,1
69,1,3,21,134,2,0.9850931677018634,0.9850931677018634,0.9850931677018634,150.0,100.0,102.48447204968944,0.0,18.489613966017036,100.0,50.0,42.64099378881988,0.0,37.19899701269833,1
72,1,78,981,363,38,0.8941321463538229,0.7620608650227876,0.5193608828525045,2000.0,100.0,152.97946923748245,0.0,276.24603401906296,1000.0,10.0,63.57489294349857,0.0,214.7521624834982,1
78,1,3,32,405,3,0.6736580654063751,0.6713122671450256,0.3049537739754381,1000.0,25.0,215.2697668000552,0.0,387.45616646044397,100.0,5.0,8.994066510280115,0.0,11.695645504764082,1
